{"providers":[{"type":"bitmap","file":"minecraft:misc\/redstone.png","ascent":8,"height":16,"chars":["\ueff5"]},{"type":"bitmap","file":"minecraft:gui\/sprites\/hud\/hunger_preview_half.png","ascent":8,"height":16,"chars":["\ueff3"]},{"type":"bitmap","file":"minecraft:gui\/sprites\/hud\/hunger_preview_full.png","ascent":8,"height":16,"chars":["\ueff4"]},{"type":"bitmap","file":"minecraft:gui\/container\/brewing_guide_left.png","ascent":13,"height":100,"chars":["\ueff1"]},{"type":"bitmap","file":"minecraft:gui\/container\/brewing_guide_right.png","ascent":13,"height":206,"chars":["\ueff2"]}]}